Acceleration,Pressure,Temperature,Altitude
-0.668564,933.01348062,18000.0000004,2264.1686143
